precision_score,recall,f1_score,cumulative importance
0.72,0.91,0.8,0.1
0.77,0.95,0.85,0.2
0.83,0.95,0.89,0.30000000000000004
0.84,0.95,0.89,0.4
0.86,0.96,0.91,0.5
0.87,0.96,0.91,0.6
0.88,0.96,0.92,0.7000000000000001
0.9,0.97,0.93,0.8
0.9,0.97,0.93,0.9
0.9,0.96,0.93,1.0
